{
	"class_name" : "PinholeCameraParameters",
	"extrinsic" : 
	[
		0.45988317425127473,
		-0.47543820202228776,
		0.74997732105603432,
		0.0,
		-0.6551718172216664,
		-0.75176552732570567,
		-0.074823003435862484,
		0.0,
		0.59938081046946368,
		-0.45695416398422067,
		-0.6572180277947729,
		0.0,
		-0.20204608374953603,
		0.84207894666610694,
		1.3766725011424024,
		1.0
	],
	"intrinsic" : 
	{
		"height" : 1009,
		"intrinsic_matrix" : 
		[
			873.8196324184986,
			0.0,
			0.0,
			0.0,
			873.8196324184986,
			0.0,
			959.5,
			504.0,
			1.0
		],
		"width" : 1920
	},
	"version_major" : 1,
	"version_minor" : 0
}